fail_rate,policy,expected_lost_H,expected_lost_H_se,expected_lost,expected_lost_se,total_cost,total_cost_se,cost_per_therapy,cost_per_therapy_se,mean_hold_H,mean_hold_M,mean_hold_L,treated,lost,failures,recollections,spillover,spillover_share,lost_gate_recollection,lost_k_remake,lost_backstop,idle_slot_days,n_rep
0.0,fifo,5.085564960028191,0.0,7.968410635486031,0.0,15218411.8,0.0,76092.05900000002,0.0,5.816666666666666,5.0625,5.066666666666666,200.0,0.0,0.0,0.0,0.0,0.0,0.0,0.0,0.0,0.0,30
0.0,static_survival,3.8488017038510733,0.0,6.7539182833428,0.0,15218411.8,0.0,76092.05900000002,0.0,0.0,2.5625,14.216666666666667,200.0,0.0,0.0,0.0,0.0,0.0,0.0,0.0,0.0,0.0,30
0.0,adaptive_mpc,3.8488017038510733,0.0,6.704451916428435,0.0,15218411.8,0.0,76092.05900000002,0.0,0.0,1.7125,15.35,200.0,0.0,0.0,0.0,0.0,0.0,0.0,0.0,0.0,0.0,30
0.05,fifo,5.728612682530795,0.06350082545998545,9.153577874494344,0.1132040331603685,15465228.666666666,11461.39745303331,77481.70433362266,69.95378185599387,7.608888888888888,6.592083333333333,6.704444444444444,199.6,0.4,9.9,9.5,0.8666666666666667,0.004333333333333333,0.0,0.4,0.0,0.0,30
0.05,static_survival,4.607253897487284,0.1046794299852547,8.555736040384238,0.21683418228043239,15446056.233333332,9447.294186688945,77699.26312481124,104.059256771459,1.491111111111111,3.7804166666666665,15.604999999999999,198.8,1.2,9.833333333333334,9.5,0.4666666666666667,0.0023333333333333335,0.0,0.3333333333333333,0.8666666666666667,0.0,30
0.05,adaptive_mpc,4.16951420979885,0.05531472345130496,8.555657061308477,0.24643694392480417,15439723.033333333,8808.681611751163,77772.7328194486,115.56099053571369,0.19555555555555554,2.13375,18.477777777777778,198.53333333333333,1.4666666666666666,9.766666666666667,9.466666666666667,0.7333333333333333,0.0036666666666666666,0.0,0.3,1.1666666666666667,0.0,30
0.1,fifo,6.80383244250477,0.12005602914988464,11.613000577545028,0.2573381109617136,15710620.5,16185.359172785415,79391.00431606453,145.15712564087124,9.56611111111111,8.272083333333333,8.572222222222223,197.9,2.1,21.133333333333333,19.033333333333335,2.6666666666666665,0.013333333333333334,0.0,2.1,0.0,0.0,30
0.1,static_survival,6.243719480955942,0.2065840334248541,11.993021595459744,0.3589345837471544,15657399.366666667,12589.878199102546,79962.13681840747,185.49874681601202,3.158333333333333,5.212083333333334,16.566666666666666,195.83333333333334,4.166666666666667,20.766666666666666,19.033333333333335,1.4,0.007,0.0,1.7333333333333334,2.433333333333333,0.0,30
0.1,adaptive_mpc,4.892895664470753,0.10953626291452015,12.253944391566254,0.4237845137878208,15643349.766666668,12045.125691168758,80179.78299651547,203.96602322551925,0.3188888888888889,2.595833333333333,21.779444444444444,195.13333333333333,4.866666666666666,20.766666666666666,18.833333333333332,1.6666666666666667,0.008333333333333333,0.0,1.9333333333333333,2.933333333333333,0.0,30
0.15,fifo,7.905459540075211,0.14851883744946212,14.28859717499617,0.3243483239460351,15961583.8,20336.35485720489,81457.9348210981,194.70034825348603,11.642777777777779,10.06625,10.54,195.96666666666667,4.033333333333333,32.86666666666667,28.833333333333332,6.866666666666666,0.034333333333333334,0.0,4.033333333333333,0.0,0.0,30
0.15,static_survival,7.478090360495236,0.246607124694314,15.601109708276764,0.49788951451250985,15876871.766666668,16669.0867670394,82410.85842474565,261.6871122017377,4.770555555555556,7.15125,17.640555555555558,192.7,7.3,32.233333333333334,28.833333333333332,3.4,0.017,0.0,3.4,3.9,0.0,30
0.15,adaptive_mpc,5.617286636654431,0.14049483730110246,16.391677232671555,0.5643921169508834,15843066.266666668,15128.903527417831,82870.37373574999,284.01174300715024,0.39222222222222225,3.154166666666667,24.70777777777778,191.23333333333332,8.766666666666667,32.1,28.366666666666667,3.9,0.0195,0.0,3.7333333333333334,5.033333333333333,0.0,30
0.2,fifo,9.231474804053525,0.2344376999098697,18.280740366701284,0.3952495382898463,16203568.533333333,22186.436983604035,84171.6031756166,240.25382766311483,13.530555555555557,11.745000000000001,12.365555555555554,192.53333333333333,7.466666666666667,45.9,38.43333333333333,12.733333333333333,0.06366666666666666,0.03333333333333333,7.433333333333334,0.0,0.0,30
0.2,static_survival,8.946895307320869,0.3129965731389339,20.489542417535084,0.5688381244513173,16084357.1,17333.03344511688,85521.46244668696,314.7885605913738,6.446111111111111,8.6275,18.895,188.13333333333333,11.866666666666667,44.766666666666666,38.46666666666667,8.0,0.04,0.0,6.3,5.566666666666666,0.0,30
0.2,adaptive_mpc,6.600054217967379,0.20993169394967626,22.102847887662296,0.5929212723792014,16023498.0,16324.959792272393,86346.82499707356,322.04934437136444,0.43222222222222223,3.76625,27.267222222222223,185.63333333333333,14.366666666666667,44.46666666666667,37.56666666666667,6.466666666666667,0.03233333333333334,0.0,6.9,7.466666666666667,0.0,30
0.3,fifo,13.289296996964906,0.3257366053161652,29.491295863380127,0.5916323124661741,16677501.8,20969.984198876962,91584.50214125426,368.20222572871324,17.99277777777778,15.597083333333334,16.515555555555554,182.16666666666666,17.833333333333332,75.4,57.56666666666667,27.633333333333333,0.1381666666666667,1.0666666666666667,16.766666666666666,0.0,0.0,30
0.3,static_survival,12.887678654188731,0.4007724756667967,32.730828485731536,0.6731711563344316,16513784.833333334,19924.94313163308,93629.03850132976,428.6678706672223,10.842777777777778,12.839583333333334,21.874444444444446,176.46666666666667,23.533333333333335,73.06666666666666,58.63333333333333,23.633333333333333,0.11816666666666667,0.0,14.433333333333334,9.1,0.0,30
0.3,adaptive_mpc,9.583260715930985,0.30044859357878456,36.225133696709335,0.8329089960365402,16359638.566666666,14062.913903808794,95389.3932227504,504.2142969518055,0.5661111111111111,5.679166666666666,30.73,171.63333333333333,28.366666666666667,71.03333333333333,55.86666666666667,16.966666666666665,0.08483333333333333,0.0,15.166666666666666,13.2,0.0,30
